epoch,time,train/box_loss,train/seg_loss,train/cls_loss,train/dfl_loss,train/sem_loss,metrics/precision(B),metrics/recall(B),metrics/mAP50(B),metrics/mAP50-95(B),metrics/precision(M),metrics/recall(M),metrics/mAP50(M),metrics/mAP50-95(M),val/box_loss,val/seg_loss,val/cls_loss,val/dfl_loss,val/sem_loss,lr/pg0,lr/pg1,lr/pg2
1,24.4131,1.0173,4.84722,2.18654,1.54302,0,0.00627,0.94949,0.59987,0.29163,0.00307,0.46465,0.08971,0.02531,1.6677,5.49336,2.67768,2.5238,0,0.000653333,0.000653333,0.000653333
2,46.8269,1.08117,4.48466,1.49673,1.57955,0,0.63361,0.41919,0.44711,0.17676,0.37132,0.16162,0.11218,0.04036,1.98795,6.59394,2.34155,3.04619,0,0.00129386,0.00129386,0.00129386
3,69.2393,1.1416,4.52888,1.38999,1.60072,0,0.00755,0.42424,0.00434,0.00082,0.00013,0.0202,0,0,3.02861,25.3474,75.9067,6.32832,0,0.00190799,0.00190799,0.00190799
4,91.6213,1.14692,4.52822,1.3432,1.60965,0,0.63932,0.42424,0.48976,0.20038,0.03071,0.11616,0.01821,0.003,1.838,5.3321,1.73318,2.75091,0,0.0018812,0.0018812,0.0018812
5,113.913,1.11667,4.54761,1.32684,1.58111,0,0.47911,0.56061,0.49908,0.17901,0.04439,0.07576,0.01338,0.00395,1.7748,5.29971,2.32964,2.81096,0,0.0018416,0.0018416,0.0018416
6,136.768,1.09123,4.48337,1.31884,1.57264,0,0.5559,0.56566,0.56506,0.26101,0.30628,0.10101,0.08891,0.02464,1.94493,4.81655,1.76471,2.89064,0,0.001802,0.001802,0.001802
7,159.048,1.10386,4.4739,1.29495,1.57889,0,0.82038,0.48441,0.63643,0.32292,0.2617,0.22222,0.12321,0.04015,1.53601,4.86657,1.58213,2.28615,0,0.0017624,0.0017624,0.0017624
8,181.902,1.06241,4.44589,1.23181,1.55773,0,0.76382,0.55556,0.67156,0.4009,0.36725,0.27273,0.1928,0.06389,1.40053,4.74849,1.40847,2.13897,0,0.0017228,0.0017228,0.0017228
9,198.197,1.05356,4.39023,1.20347,1.53107,0,0.90474,0.5303,0.70016,0.40368,0.47279,0.27273,0.22906,0.0696,1.45252,4.5433,1.38271,2.13774,0,0.0016832,0.0016832,0.0016832
10,211.803,1.01855,4.24857,1.17308,1.51201,0,0.84446,0.55556,0.70125,0.4544,0.56366,0.34343,0.2905,0.07693,1.29968,4.4466,1.33066,2.06062,0,0.0016436,0.0016436,0.0016436
11,234.429,1.02288,4.34225,1.20676,1.51732,0,0.84469,0.5303,0.65782,0.41826,0.61272,0.34343,0.35024,0.13289,1.3541,4.3006,1.38814,2.04227,0,0.001604,0.001604,0.001604
12,256.788,1.02755,4.26716,1.16403,1.52646,0,0.90284,0.49495,0.66131,0.44463,0.75166,0.39899,0.41258,0.14547,1.17397,4.21443,1.29184,1.90315,0,0.0015644,0.0015644,0.0015644
13,276.506,1.01293,4.21368,1.14979,1.51745,0,0.80713,0.58081,0.69537,0.44524,0.48464,0.34848,0.26894,0.08483,1.28383,4.32011,1.29492,2.03842,0,0.0015248,0.0015248,0.0015248
14,290.182,0.95339,4.21363,1.08569,1.46837,0,0.85617,0.5303,0.67081,0.42855,0.6309,0.36258,0.34603,0.10687,1.34288,4.31202,1.41345,2.01242,0,0.0014852,0.0014852,0.0014852
15,303.885,0.94333,4.10775,1.071,1.44364,0,0.98125,0.49495,0.6399,0.43139,0.8066,0.40404,0.40036,0.13184,1.27246,4.20298,1.38709,1.99887,0,0.0014456,0.0014456,0.0014456
16,321.752,0.93964,4.11443,1.0412,1.44969,0,0.90353,0.5404,0.69533,0.46366,0.62749,0.35859,0.32934,0.09713,1.18524,4.1833,1.10167,1.86634,0,0.001406,0.001406,0.001406
17,343.665,0.91005,4.06156,1.05122,1.43196,0,0.77933,0.57576,0.68092,0.45602,0.52015,0.29798,0.24379,0.07449,1.23155,4.09154,1.18336,1.87489,0,0.0013664,0.0013664,0.0013664
18,366.947,0.92868,4.097,1.0264,1.45335,0,0.91547,0.52525,0.6873,0.4635,0.76144,0.37879,0.38752,0.1195,1.19645,4.30111,1.22991,1.86256,0,0.0013268,0.0013268,0.0013268
19,389.248,0.8945,4.08783,1.01527,1.40857,0,0.93946,0.5303,0.68119,0.46509,0.53832,0.30303,0.25793,0.06672,1.17036,4.09477,1.12969,1.8484,0,0.0012872,0.0012872,0.0012872
20,413.56,0.93828,4.03286,1.03281,1.44374,0,0.73422,0.59996,0.70088,0.48808,0.63975,0.39899,0.36103,0.1121,1.11834,4.08431,1.13401,1.82003,0,0.0012476,0.0012476,0.0012476
21,437.307,0.85763,4.07807,0.97188,1.39853,0,0.92458,0.55721,0.70156,0.46668,0.60598,0.35354,0.30021,0.09399,1.14885,4.13619,1.09601,1.83871,0,0.001208,0.001208,0.001208
22,461.564,0.89358,4.03509,1.00151,1.41297,0,0.90667,0.5303,0.68665,0.48245,0.7207,0.38889,0.37512,0.12253,1.11523,4.01139,1.09733,1.7677,0,0.0011684,0.0011684,0.0011684
23,485.265,0.88905,4.05038,1.02121,1.41616,0,0.86133,0.53329,0.63143,0.44352,0.67211,0.34848,0.32965,0.09305,1.16822,4.17112,1.371,1.83533,0,0.0011288,0.0011288,0.0011288
24,507.77,0.84744,3.98383,0.97037,1.37793,0,0.83919,0.58081,0.70703,0.49884,0.4777,0.28283,0.25325,0.07406,1.10562,4.03884,1.07797,1.77695,0,0.0010892,0.0010892,0.0010892
25,530.261,0.85647,4.00476,0.94755,1.38461,0,0.85588,0.5404,0.69016,0.46462,0.76383,0.40909,0.4818,0.17387,1.13263,4.08514,1.09143,1.81164,0,0.0010496,0.0010496,0.0010496
26,552.428,0.83607,3.89166,0.94314,1.37235,0,0.86267,0.56061,0.69326,0.46166,0.53742,0.35859,0.36747,0.14704,1.18449,4.04266,1.10527,1.81894,0,0.00101,0.00101,0.00101
27,574.819,0.83164,3.94283,0.93482,1.36326,0,0.93541,0.53535,0.71273,0.49006,0.69795,0.42929,0.42843,0.15928,1.14156,4.0505,1.04063,1.80347,0,0.0009704,0.0009704,0.0009704
28,596.364,0.84355,3.87058,0.95161,1.37449,0,0.79559,0.60938,0.71815,0.49142,0.7161,0.43939,0.42991,0.14927,1.08706,3.83744,1.04493,1.72071,0,0.0009308,0.0009308,0.0009308
29,618.029,0.80665,3.87756,0.91077,1.34797,0,0.80062,0.58814,0.70187,0.49335,0.69438,0.40909,0.42494,0.14793,1.09064,3.90347,1.01709,1.70863,0,0.0008912,0.0008912,0.0008912
30,639.069,0.81043,3.93103,0.93743,1.36407,0,0.91706,0.55844,0.74478,0.50259,0.70062,0.35859,0.39878,0.13551,1.12744,3.8622,1.05349,1.75166,0,0.0008516,0.0008516,0.0008516
31,660.028,0.81746,3.79633,0.91936,1.35565,0,0.86948,0.56566,0.74498,0.50926,0.53611,0.34848,0.35851,0.12998,1.11143,3.85073,0.98152,1.73468,0,0.000812,0.000812,0.000812
32,679.431,0.82498,3.84443,0.95547,1.37264,0,0.90867,0.55272,0.72793,0.52318,0.76594,0.38889,0.40829,0.14763,1.04784,3.82244,0.92767,1.68395,0,0.0007724,0.0007724,0.0007724
33,701.538,0.80955,3.87597,0.93141,1.35478,0,0.90112,0.55556,0.70394,0.50029,0.63268,0.33333,0.34372,0.12659,1.03181,3.90355,1.01715,1.65529,0,0.0007328,0.0007328,0.0007328
34,722.972,0.79212,3.81047,0.91139,1.35002,0,0.90812,0.57071,0.75019,0.51436,0.79346,0.41414,0.44847,0.18051,1.12123,3.8215,0.94106,1.76035,0,0.0006932,0.0006932,0.0006932
35,736.358,0.80429,3.83761,0.88711,1.35679,0,0.8717,0.59091,0.72761,0.49611,0.70929,0.37374,0.37519,0.14604,1.0646,3.86653,0.9527,1.70987,0,0.0006536,0.0006536,0.0006536
36,749.626,0.78948,3.74576,0.88499,1.33406,0,0.84594,0.57576,0.6908,0.48248,0.67271,0.40909,0.4061,0.15302,1.05497,3.76753,0.98802,1.73339,0,0.000614,0.000614,0.000614
37,762.769,0.76794,3.76793,0.84726,1.3159,0,0.86968,0.57298,0.7264,0.50788,0.71159,0.36364,0.39857,0.14831,1.04268,3.75719,0.92074,1.68593,0,0.0005744,0.0005744,0.0005744
38,776.039,0.79147,3.78998,0.89087,1.34444,0,0.87307,0.59057,0.71361,0.51882,0.77017,0.40909,0.44235,0.16833,0.98021,3.71264,0.98502,1.61857,0,0.0005348,0.0005348,0.0005348
39,789.186,0.73607,3.71357,0.84033,1.31044,0,0.88077,0.58586,0.75088,0.53955,0.68036,0.35354,0.39945,0.14567,0.99611,3.76122,0.90694,1.64053,0,0.0004952,0.0004952,0.0004952
40,806.248,0.74252,3.72758,0.8571,1.30222,0,0.91196,0.57576,0.74013,0.53583,0.78555,0.39394,0.42112,0.14695,0.96546,3.70021,0.86573,1.59168,0,0.0004556,0.0004556,0.0004556
41,826.627,0.69706,3.85027,1.05613,1.44135,0,0.90236,0.56014,0.71768,0.51931,0.65584,0.41384,0.39228,0.12957,0.96182,3.87747,0.96849,1.62134,0,0.000416,0.000416,0.000416
42,846.294,0.71534,3.68661,0.89278,1.4756,0,0.89743,0.56566,0.7384,0.54917,0.64431,0.37879,0.38047,0.11259,0.95711,3.76157,0.95921,1.56393,0,0.0003764,0.0003764,0.0003764
43,866.03,0.67186,3.65023,0.8172,1.44565,0,0.89788,0.57576,0.7449,0.54987,0.65068,0.37879,0.39231,0.12895,0.98827,3.73353,0.91144,1.60694,0,0.0003368,0.0003368,0.0003368
44,885.677,0.6653,3.66388,0.79741,1.42758,0,0.89099,0.57794,0.73956,0.54544,0.67912,0.39394,0.40895,0.13206,0.91659,3.70127,0.87369,1.53557,0,0.0002972,0.0002972,0.0002972
45,905.445,0.66036,3.59455,0.77301,1.41801,0,0.92614,0.55556,0.72686,0.53653,0.69734,0.39565,0.3982,0.13619,0.94906,3.69391,0.87693,1.5674,0,0.0002576,0.0002576,0.0002576
46,925.061,0.64416,3.56321,0.74588,1.38464,0,0.93581,0.56566,0.74662,0.55158,0.62777,0.36364,0.35499,0.12347,0.92298,3.70706,0.8761,1.51966,0,0.000218,0.000218,0.000218
47,944.969,0.62818,3.53098,0.7456,1.38946,0,0.93128,0.55556,0.75044,0.55757,0.67083,0.40143,0.42909,0.14517,0.93506,3.65733,0.85615,1.53825,0,0.0001784,0.0001784,0.0001784
48,965.012,0.63144,3.44949,0.73984,1.38045,0,0.95681,0.55943,0.74875,0.56063,0.69887,0.40909,0.42359,0.13978,0.90697,3.61971,0.84505,1.51051,0,0.0001388,0.0001388,0.0001388
49,984.633,0.63806,3.44594,0.74221,1.38274,0,0.93926,0.55556,0.74799,0.56549,0.70418,0.39899,0.41544,0.1404,0.87987,3.58892,0.84786,1.47717,0,9.92e-05,9.92e-05,9.92e-05
50,1004.54,0.627,3.532,0.74019,1.37946,0,0.94868,0.5404,0.75238,0.56618,0.65954,0.37374,0.37805,0.123,0.88139,3.61096,0.83867,1.4782,0,5.96e-05,5.96e-05,5.96e-05
